mode,trades,hit_rate,pnl,avg_edge,max_drawdown,turnover,fee_ratio,sharpe
transfer,5,1.0,162.90265425283542,32.58053085056709,0.0,355.66964092124,0.757525873325941,42.79316152486175
no_transfer,1114,1.0,65933.16039490746,59.18596085718803,0.0,86151.57791155594,0.2524571038273897,1144.7159579253378
